{"cameraMode":{"drawMode":0,"name":"Shaded","section":"Shading Mode"},"sceneLighting":false,"audioPlay":false,"sceneViewState":{"m_AlwaysRefresh":false,"showFog":true,"showSkybox":false,"showFlares":true,"showImageEffects":true,"showParticleSystems":true,"showVisualEffectGraphs":true,"m_FxEnabled":false},"in2DMode":false,"pivot":{"x":-0.22050455212593079,"y":-0.24118833243846894,"z":0.2513893246650696},"rotation":{"x":0.2805612087249756,"y":-0.36864566802978518,"z":0.11796844750642777,"w":0.8781583905220032},"size":0.988278865814209,"orthographic":false}